Instruction,Context,Question,Answer
Instruction: Read the question in the Context below and answer the Question.,SECTION 5. FIREFIGHTING MEASURES Suitable extinguishing media Foam Carbon dioxide (CO2) Dry chemical Cool closed containers exposed to fire with water spray: Unsuitable extinguishing media Do not use a solid water stream as it may scatter and spread fire. Specific hazards during firefighting Extremely flammable. Vapours may form explosive mixtures with air. Vapours are heavier than air and may spread along floors. Vapors may travel to areas away from work site before igniting/flashing back to vapor source. In case of fire hazardous decomposition products may be produced such as: Carbon monoxide Carbon dioxide (CO2) Special protective equipment Wear self-contained breathing apparatus and protective suit: for firefighters,"Question: ""Identify all the fire extinguishing method that are used to extinguish fire""","Foam, Carbon dioxide (CO2), Dry chemical ,Cool closed containers exposed to fire with water spray."
Instruction: Read the question in the Context below and answer the Question.,SECTION 5: Firefighting measures 5.1 Extinguishing media Suitable extinguishing media Dry powder Dry sand Unsuitable extinguishing media Do NOT use water jet: 5.2 Special hazards arising from the substance or mixture Carbon oxides 5.3 Advice for firefighters Wear self-contained breathing apparatus for firefighting if necessary. 5.4 Further information Use water spray to cool unopened containers.,"Question: ""Identify all the fire extinguishing method that are used to extinguish fire""","Dry powder ,Dry sand"
Instruction: Read the question in the Context below and answer the Question.,"SECTION 5: Firefighting measures 5.1 Extinguishing media Suitable extinguishing media Use water spray, alcohol-resistant foam, dry chemical or carbon dioxide. 5.2 Special hazards arising from the substance or mixture Carbon oxides 5.3 Advice for firefighters Wear self-contained breathing apparatus for firefighting if necessary: 5.4 Further information No data available","Question: ""Identify all the fire extinguishing method that are used to extinguish fire""","Use water spray, alcohol-resistant foam, dry chemical or carbon dioxide."
Instruction: Read the question in the Context below and answer the Question.,"5 FIREFIGHTING MEASURES Extinguishing media Suitable extinguishing media: Use the following extinguishing media when fighting fires involving this material: Alcohol-resistant foam_ Carbon dioxide (CO2) Dry chemical: Water spray. Unsuitable extinguishing media: No data available Special hazards arising from the substance or mixture Hazardous combustion products: Combustion generates toxic fumes of the following:: Carbon oxides. Nitrogen oxides (NOx) Unusual Fire and Explosion Hazards: Vapors can travel to a source of ignition and flash back Heated material can form flammable or explosive vapors with air. Closed containers may rupture Via pressure build-up when exposed to fire or extreme heat: Advice for firefighters Fire Fighting Procedures: Move containers promptly out of fire zone: If removal iS impossible, cool containers with water spray: Remain upwind: Avoid breathing noxious fumes from fire-exposed material. Contain run-off. Special protective equipment for firefighters: Wear self-contained breathing apparatus and protective suit:","Question: ""Identify all the fire extinguishing method that are used to extinguish fire""","Use the following extinguishing media when fighting fires,nvolving this material,Alcohol-resistant foam, Carbon dioxide(CO2),Dry chemical, Water spray."
Instruction: Read the question in the Context below and answer the Question.,"SECTION 5: Firefighting measures 5.1, Extinguishing_media Suitable Extinguishing Media None does not burn: Extinguishing media which must not be used for safety reasons None known: 5.2. Special hazards arising from the substance or mixture Special exposure hazards in a fire Not applicable 53 Advice_for firefighters Special protective equipment for firefighters Full protective clothing and approved self-contained breathing apparatus required for fire fighting personnel:","Question: ""Identify all the fire extinguishing method that are used to extinguish fire""",Use water spray for extinction.
Instruction: Read the question in the Context below and answer the Question.,"SECTION 5: Firefighting measures 5.1 Extinguishing media Suitable Use water spray for extinction: Not suitable None known 5.2 Special hazards arising from the substance or mixture Special exposure hazards In a fire or if heated, a pressure increase will occur and the container may burst: Promptly isolate the scene by removing all persons from the vicinity of the incident if there is a fire_ No action shall be taken involving any personal risk or without suitable training: Hazardous thermal Decomposition products may include the following materials: decomposition products sulfur oxides 5.3 Advice for fire-fighters Special protective Fire-fighters should wear appropriate protective equipment  equipment for fire-fighters Additional information Not available.","Question: ""Identify all the fire extinguishing method that are used to extinguish fire""",None - does not burn.
Instruction: Read the question in the Context below and answer the Question.,"SECTION 5 FIRE FIGHTING MEASURES EXTINGUISHING MEDIA: Use water fog, foam, dry chemical o carbon dioxide (CO2) to extinguish flames. PROTECTION OF FIRE FIGHTERS: Fire Fighting Instructions: This material will burn although it is not easily ignited. See Section 7 for proper handling and storage. For fires involving this material, do not enter any enclosed or confined fire space without proper protective equipment, including self-contained breathing apparatus. Combustion Products: Highly dependent on combustion conditions A complex mixture of airborne solids, liquids, and gases including carbon monoxide, carbon dioxide, and unidentified organic compounds will be evolved when this material undergoes combustion:","Question: ""Identify all the fire extinguishing method that are used to extinguish fire""","Use water fog, foam, dry chemical or carbon dioxide (CO2) to extinguish flames. "
Instruction: Read the question in the Context below and answer the Question.,"SECTION 5. FIRE-FIGHTING MEASURES Flammable properties Flash point 397 'F / 203 *C Method: open cup Suitable extinguishing media Use extinguishing measures that are appropriate to local circumstances and the surrounding environment  Use water spray, alcohol-resistant foam, dry chemical or carbon dioxide_ High volume water jet Unsuitable extinguishing media Specific extinguishing meth- ods Further information Standard procedure for chemical fires. Prevent fire extinguishing water from contaminating surface water or the ground water system. Fire residues and contaminated fire extinguishing water must be disposed of in accordance with local regulations. In the event of fire, wear self-contained breathing apparatus: Special protective equipment for fire-fighters","Question: ""Identify all the fire extinguishing method that are used to extinguish fire""","Use extinguishing measures that are appropriate to local circumstances and the surrounding environment. Use water spray, alcohol-resistant foam, dry chemical or carbon dioxide."
Instruction: Read the question in the Context below and answer the Question.,"15. FIRE FIGHTING MEASURES Suitable_Extinquishing_ Media Water fog, carbon dioxide, foam, dry chemical: Extinguishing media which must not be used for safety reasons None known: Specific hazards arising from the chemical Use water spray to cool fire exposed surfaces: Decomposition in fire may produce harmful gases. Special protective actions for fire-fighters Full protective clothing and approved self-contained breathing apparatus required for fire fighting personnel:","Question: ""Identify all the fire extinguishing method that are used to extinguish fire""","Water fog, carbon dioxide, foam, dry chemical."
Instruction: Read the question in the Context below and answer the Question.,"Section 5. Fire-fighting measures Extinguishing_media Suitable extinguishing In case of fire, use water spray (fog); foam, dry chemical or CO2. media Unsuitable extinguishing Do not use water jet. media Specific hazards arising from the chemical Combustible liquid. In a fire or if heated, a pressure increase will occur and the container may burst; with the risk of a subsequent explosion _ Runoff to sewer may create fire r explosion hazard: Decomposition products may include the following materials: carbon dioxide carbon monoxide nitrogen oxides sulfur oxides phosphorus oxides Hazardous thermal decomposition products Special protective actions for fire-fighters Promptly isolate the scene by removing all persons from the vicinity of the incident if there is a fire_ No action shall be taken involving any personal risk or without suitable training: Move containers from fire area if this can be done without risk Use water spray to keep fire-exposed containers cool. Fire-fighters should wear appropriate protective equipment and self-contained breathing apparatus (SCBA) with a full face-piece operated in positive pressure mode. Special protective equipment for fire-fighters","Question: ""Identify all the fire extinguishing method that are used to extinguish fire""","In case of fire, use water spray (fog), foam, dry chemical or CO?."
Instruction: Read the question in the Context below and answer the Question.,"SECTION 5. FIREFIGHTING MEASURES Extinguishing media Suitable extinguishing media Use water fog; foam, dry chemical or carbon dioxide (CO2) to extinguish flames Unsuitable extinguishing media High volume water jet Specific hazards arising from the chemical Combustibility Not classified as flammable or combustible, but will combust if ignited: Hazardous combustion products Carbon monoxide, carbon dioxide and unburned hydrocarbons (smoke) Nitrogen oxides (NOx) Sulphur oxides Flammable properties See Section 9 for information on flammability. Special protective equipment and precautions for fire-fighters Protective equipment and precautions for firefighters In the event of fire, wear self-contained breathing apparatus Exposure to decomposition products may be a hazard to health Fire Fighting Instructions Collect contaminated fire extinguishing water separately. This must not be discharged into drains: Fire residues and contaminated fire extinguishing water must be disposed of in accordance with local regulations:","Question: ""Identify all the fire extinguishing method that are used to extinguish fire""","Use water fog, foam, dry chemical or carbon dioxide (CO2) to extinguish flames"
Instruction: Read the question in the Context below and answer the Question.,"SECTION 5: Firefighting measures 5.1 Extinguishing media Suitable extinguishing Use dry chemical, COz, water spray (fog) or foam. media Unsuitable extinguishing media Do not use water jet: 5.2 Special hazards arising from the substance or mixture Hazards from the Flammable liquid and vapour. In a fire or if heated, a pressure increase will occur substance or mixture and the container may burst; with the risk of a subsequent explosion. Runoff to sewer may create fire or explosion hazard. This material is harmful to aquatic life with long lasting effects. Fire water contaminated with this material must be contained and prevented from being discharged to any waterway, sewer or drain. SECTION 5: Firefighting measures Hazardous thermal Decomposition products may include the following materials: decomposition products carbon dioxide carbon monoxide nitrogen oxides 5.3 Advice for firefighters Special protective actions for fire-fighters Promptly isolate the scene by removing all persons from the vicinity of the incident if there is a fire_ No action shall be taken involving any personal risk or without suitable training: Move containers from fire area if this can be done without risk. Use water spray to keep fire-exposed containers cool. Fire-fighters should wear appropriate protective equipment and self-contained breathing apparatus (SCBA) with a full face-piece operated in positive pressure mode_ Clothing for fire-fighters (including helmets, protective boots and gloves) conforming to European standard EN 469 will provide a basic level of protection for chemical incidents. Special protective equipment for fire-fighters","Question: ""Identify all the fire extinguishing method that are used to extinguish fire""","Use dry chemical, CO?, water spray (fog) or foam."
Instruction: Read the question in the Context below and answer the Question.,"5. FIRE FIGHTING MEASURES Flammable Properties: Material will not burn. Fire Fighting Instruction: As in any fire, wear self-contained breathing apparatus pressure-demand and full protective gear: Extinguishing Media: Use media appropriate to surrounding fire conditions Extinguishing Media NOT To Be Used: Not applicable Fire / Explosion Hazards: None reported Hazardous Combustion Products: Not applicable","Question: ""Identify all the fire extinguishing method that are used to extinguish fire""",Use media appropriate to surrounding fire conditions
Instruction: Read the question in the Context below and answer the Question.,"SECTION 5: Firefighting measures 5.1 Extinguishing media Suitable extinguishing media Use extinguishing measures that are appropriate to local circumstances and the surrounding environment: Unsuitable extinguishing media For this substance/mixture no limitations of extinguishing agents are given. 5.2 Special hazards arising from the substance or mixture Nitrogen oxides (NOx) Not combustible_ Has a fire-promoting effect due to release of oxygen_ Ambient fire may liberate hazardous vapours: Fire may cause evolution of: nitrous gases, nitrogen oxides 5.3 Advice for firefighters Stay in danger area only with self-contained breathing apparatus. Prevent skin contact by keeping a safe distance or by wearing suitable protective clothing- 5.4 Further information Suppress (knock down) gases/vapors/mists with a water spray jet: Cool closed containers exposed to fire with water spray. Prevent fire extinguishing water from contaminating surface water or the ground water system:","Question: ""Identify all the fire extinguishing method that are used to extinguish fire""",Use extinguishing measures that are appropriate to local circumstances and the surrounding environment.
Instruction: Read the question in the Context below and answer the Question.,"SECTION 5. FIRE-FIGHTING MEASURES Flammable properties Flash point 381 'F / 194 'C Method: closed cup Suitable extinguishing media Use water spray, alcohol-resistant foam, dry chemical or carbon dioxide_ Use extinguishing measures that are appropriate to local circumstances and the surrounding environment. High volume water jet Unsuitable extinguishing media Specific hazards during fire fighting Do not use a solid water stream as it may scatter and spread fire_ Do not allow run-off from fire fighting to enter drains or water courses_ Specific extinguishing methods Further information Special protective equipment for fire-fighters Standard procedure for chemical fires. Use water spray to cool unopened containers In the event of fire, wear self-contained breathing apparatus","Question: ""Identify all the fire extinguishing method that are used to extinguish fire""","Use water spray, alcohol-resistant foam, dry chemical or carbon dioxide, Use extinguishing measures that are appropriate to local circumstances and the surrounding environment."
Instruction: Read the question in the Context below and answer the Question.,"5. Fire-fighting measures Extinguishing media Suitable extinguishing media The product is not flammable. Extinguish with alcohol-resistant foam, carbon dioxide, dry powder or water fog: Use fire-extinguishing media suitable for the surrounding fire. Unsuitable extinguishing media Do not use water jet as an extinguisher, as this will spread the fire: Special hazards arising from the substance or mixture Specific hazards Containers can burst violently or explode when heated, due to excessive pressure build-up: Hazardous combustion products None known: Advice for firefighters Protective actions during firefighting Avoid breathing fire gases or vapors Evacuate area. Keep upwind to avoid inhalation of gases; vapors, fumes and smoke. Ventilate closed spaces before entering them: Cool containers exposed to heat with water spray and remove them from the fire area if it can be done without risk. Cool containers exposed to flames with water until well after the fire is out. If a leak or spill has not ignited, use water spray to disperse vapors and protect men stopping the leak. Avoid discharge to the aquatic environment: Control run-off water by containing and keeping it out of sewers and watercourses: If risk of water pollution occurs, notify appropriate authorities: Special protective equipment Wear positive-pressure self-contained breathing apparatus (SCBA) and appropriate protective for firefighters clothing: Standard Firefighter's clothing including helmets, protective boots and gloves will provide a basic level of protection for chemical incidents:","Question: ""Identify all the fire extinguishing method that are used to extinguish fire""","The product is not flammable. Extinguish with alcohol-resistant foam, carbon dioxide, dry powder or water fog. Use fire-extinguishing media suitable for the surrounding fire."
Instruction: Read the question in the Context below and answer the Question.,"SECTION 5: Firefighting measures 5.1 Extinguishing media Suitable Use water spray for extinction: Not suitable None known: 5.2 Special hazards arising from the substance or mixture Special exposure hazards In a fire or if heated, a pressure increase will occur and the container may burst. Promptly isolate the scene by removing all persons from the vicinity of the incident if there is a fire_ No action shall be taken involving any personal risk or without suitable training: Hazardous thermal Decomposition products may include the following materials: decomposition products sulfur oxides 5.3 Advice for fire-fighters Special protective Fire-fighters should wear appropriate protective equipment equipment for fire-fighters Additional information Not available_","Question: ""Identify all the fire extinguishing method that are used to extinguish fire""",Use water spray for extinction.
Instruction: Read the question in the Context below and answer the Question.,"5_ Fire-fighting_measures_ 5.1 Extinguishing media Suitable extinguishing media Water spray, dry chemical, carbon dioxide (COz) , or foam: Extinguishing media which shall not be used for safety reasons None known: 5.2 Special hazards arising from the substance or mixture Unusual fire and explosion hazards Vapors may form explosive mixture with air. Vapors are heavier than air and may spread along floors. Heating of containers may cause pressure rise, with risk of bursting: Hazardous combustion products Fire or high temperatures create: , Carbon oxides (COx) 53 Advice for firefighters Special protective equipment for fire-fighters As in any fire, wear self-contained breathing apparatus and full protective gear. Special Fire-Fighting Procedures Containers close to fire should be removed immediately or cooled with water. Gaa @","Question: ""Identify all the fire extinguishing method that are used to extinguish fire""","Water spray, dry chemical, carbon dioxide (CO2), or foam."
